TAXON,scientificName
Abies amabilis,Abies amabilis Douglas ex J.Forbes
Abies balsamea,Abies balsamea (L.) Mill.
Abies grandis,Abies grandis (Douglas ex D.Don) Lindl.
Abies lasiocarpa,Abies lasiocarpa (Hook.) Nutt.
Acer circinatum,Acer circinatum Pursh
Acer glabrum,Acer glabrum Torr.
Acer glabrum var. douglasii,Acer glabrum var. douglasii (Hook.) Dippel
Acer macrophyllum,Acer macrophyllum Pursh
Acer negundo,Acer negundo L.
Acer negundo var. negundo,Acer negundo var. negundo
Acer pensylvanicum,Acer pensylvanicum L.
Acer rubrum,Acer rubrum L.
Acer rubrum var. rubrum,Acer rubrum var. rubrum
Acer rubrum var. trilobum,Acer rubrum var. trilobum Torr. & A.Gray ex K.Koch
Acer saccharinum,Acer saccharinum L.
Acer saccharum,Acer saccharum Marshall
Acer spicatum,Acer spicatum Lam.
Achillea millefolium,Achillea millefolium L.
Acmispon americanus,Acmispon americanus (Nutt.) Rydb.
Acmispon americanus var. americanus,Acmispon americanus var. americanus
Acmispon denticulatus,Acmispon denticulatus (Drew) D.D.Sokoloff
Acmispon parviflorus,Acmispon parviflorus (Benth.) D.D.Sokoloff
Agastache foeniculum,Agastache foeniculum (Pursh) Kuntze
Agastache nepetoides,Agastache nepetoides (L.) Kuntze
Agastache urticifolia,Agastache urticifolia (Benth.) Kuntze
Agrostis exarata,Agrostis exarata Trin.
Agrostis hyemalis,"Agrostis hyemalis (Walter) Britton, Sterns & Poggenb."
Agrostis mertensii,Agrostis mertensii Trin.
Agrostis perennans,Agrostis perennans (Walter) Tuck.
Agrostis scabra,Agrostis scabra Willd.
Allium acuminatum,Allium acuminatum Hook.
Allium amplectens,Allium amplectens Torr.
Allium canadense,Allium canadense L.
Allium canadense var. canadense,Allium canadense var. canadense
Allium cernuum,Allium cernuum Roth
Allium crenulatum,Allium crenulatum Wiegand
Allium geyeri,Allium geyeri S.Watson
Allium geyeri var. tenerum,Allium geyeri var. tenerum M.E.Jones
Allium schoenoprasum,Allium schoenoprasum L.
Allium schoenoprasum var. schoenoprasum,Allium schoenoprasum var. schoenoprasum
Allium schoenoprasum var. sibiricum,Allium schoenoprasum var. sibiricum (L.) Hartm.
Allium stellatum,Allium stellatum Nutt. ex Ker Gawl.
Allium textile,Allium textile A.Nelson & J.F.Macbr.
Allium tricoccum,Allium tricoccum Aiton
Allium tricoccum var. burdickii,Allium tricoccum var. burdickii Hanes
Allium tricoccum var. tricoccum,Allium tricoccum Aiton var. tricoccum
Alnus alnobetula,Alnus alnobetula (Ehrh.) K.Koch
Alnus alnobetula subsp. crispa,Alnus alnobetula subsp. crispa (Aiton) Raus
Alnus alnobetula subsp. sinuata,Alnus alnobetula subsp. sinuata (Regel) Raus
Alnus incana,Alnus incana (L.) Moench
Alnus incana subsp. rugosa,Alnus incana subsp. rugosa (Du Roi) R.T.Clausen
Alnus incana subsp. tenuifolia,Alnus incana subsp. tenuifolia (Nutt.) Breitung
Alnus rubra,Alnus rubra Bong.
Alnus serrulata,Alnus serrulata (Aiton) Willd.
Amaranthus albus,Amaranthus albus L.
Amaranthus californicus,Amaranthus californicus (Moq.) S.Watson
Amaranthus hybridus,Amaranthus hybridus L.
Amaranthus retroflexus,Amaranthus retroflexus L.
Amaranthus tuberculatus,Amaranthus tuberculatus (Moq.) Sauer
Ambrosia chamissonis,Ambrosia chamissonis (Less.) Greene
Amelanchier alnifolia,Amelanchier alnifolia (Nutt.) Nutt.
Amelanchier alnifolia var. alnifolia,Amelanchier alnifolia  (Nutt.) Nutt. var. alnifolia
Amelanchier alnifolia var. humptulipensis,Amelanchier alnifolia var. humptulipensis (G.N.Jones) C.L.Hitchc.
Amelanchier alnifolia var. pumila,Amelanchier alnifolia var. pumila (Torr. & A.Gray) C.K.Schneid.
Amelanchier alnifolia var. semiintegrifolia,Amelanchier alnifolia var. semiintegrifolia (Hook.) C.L.Hitchc.
Amelanchier arborea,Amelanchier arborea (F.Michx.) Fernald
Amelanchier bartramiana,Amelanchier bartramiana (Tausch) M.Roem.
Amelanchier canadensis,Amelanchier canadensis (L.) Medik.
Amelanchier cusickii,Amelanchier cusickii Fernald
Amelanchier humilis,Amelanchier humilis Wiegand
Amelanchier interior,Amelanchier interior Nielsen
Amelanchier intermedia,Amelanchier intermedia Spach
Amelanchier laevis,Amelanchier laevis Wiegand
Amelanchier sanguinea,Amelanchier sanguinea (Pursh) DC.
Amelanchier spicata,Amelanchier spicata (Lam.) K.Koch
Amphicarpaea bracteata,Amphicarpaea bracteata (L.) Fernald
Amphicarpaea bracteata var. bracteata,Amphicarpaea bracteata var. bracteata
Amphicarpaea bracteata var. comosa,Amphicarpaea bracteata var. comosa (L.) C.F.Reed
Andropogon hallii,Andropogon hallii Hack.
Apios americana,Apios americana Medik.
Aralia nudicaulis,Aralia nudicaulis L.
Arbutus menziesii,Arbutus menziesii Pursh
Arctopoa eminens,Arctopoa eminens (J.Presl) Prob.
Arctostaphylos columbiana,Arctostaphylos columbiana Piper
Arctostaphylos uva-ursi,Arctostaphylos uva-ursi (L.) Spreng.
Arctous rubra,Arctous rubra (Rehder & E.H.Wilson) Nakai
Arnica cordifolia,Arnica cordifolia Hook.
Aruncus dioicus,Aruncus dioicus (Walter) Fernald
Aruncus dioicus var. acuminatus,Aruncus dioicus var. acuminatus (Rydb.) Rydb. ex H.Hara
Asarum canadense,Asarum canadense L.
Asarum caudatum,Asarum caudatum Lindl.
Asimina triloba,Asimina triloba (L.) Dunal
Astragalus agrestis,Astragalus agrestis Douglas ex G.Don
Astragalus alpinus,Astragalus alpinus L.
Astragalus alpinus var. alpinus,Astragalus alpinus f. alpinus
Astragalus alpinus var. brunetianus,Astragalus alpinus var. brunetianus Fernald
Astragalus americanus,Astragalus americanus (Hook.) M.E.Jones
Astragalus beckwithii,Astragalus beckwithii Torr. & A.Gray
Astragalus beckwithii var. weiserensis,Astragalus beckwithii var. weiserensis M.E.Jones
Astragalus bisulcatus,Astragalus bisulcatus (Hook.) A.Gray
Astragalus bisulcatus var. bisulcatus,Astragalus bisulcatus var. bisulcatus
Astragalus bodinii,Astragalus bodinii E.Sheld.
Astragalus bourgovii,Astragalus bourgovii A.Gray
Astragalus canadensis,Astragalus canadensis L.
Astragalus canadensis var. brevidens,Astragalus canadensis var. brevidens (Gand.) Barneby
Astragalus canadensis var. canadensis,Astragalus canadensis var. canadensis
Astragalus canadensis var. mortonii,Astragalus canadensis var. mortonii (Nutt.) S.Watson
Astragalus collinus,Astragalus collinus (Hook.) Douglas ex G.Don
Astragalus collinus var. collinus,Astragalus collinus var. collinus
Astragalus crassicarpus,Astragalus crassicarpus Nutt.
Astragalus crassicarpus var. crassicarpus,Astragalus crassicarpus var. crassicarpus
Astragalus drummondii,Astragalus drummondii Douglas ex Hook.
Astragalus eucosmus,Astragalus eucosmus B.L.Rob.
Astragalus filipes,Astragalus filipes Torr. ex A.Gray
Astragalus flexuosus,Astragalus flexuosus (Hook.) Douglas ex G.Don
Astragalus gilviflorus,Astragalus gilviflorus E.Sheld.
Astragalus gilviflorus var. gilviflorus,Astragalus gilviflorus var. gilviflorus
Astragalus kentrophyta,Astragalus kentrophyta A.Gray
Astragalus kentrophyta var. kentrophyta,Astragalus kentrophyta var. kentrophyta
Astragalus laxmannii,Astragalus laxmannii Jacq.
Astragalus laxmannii var. robustior,Astragalus laxmannii var. robustior (Hook.) Barneby & S.L.Welsh
Astragalus laxmannii var. tananaicus,Astragalus laxmannii var. tananaicus (Hultén) Barneby & S.L.Welsh
Astragalus lentiginosus,Astragalus lentiginosus Douglas ex Hook.
Astragalus lentiginosus var. salinus,Astragalus lentiginosus var. salinus (Howell) Barneby
Astragalus lotiflorus,Astragalus lotiflorus Hook.
Astragalus microcystis,Astragalus microcystis A.Gray
Astragalus miser,Astragalus miser Douglas ex Hook.
Astragalus miser var. serotinus,Astragalus miser var. serotinus (A.Gray ex E.Cooper) Barneby
Astragalus missouriensis,Astragalus missouriensis Nutt.
Astragalus neglectus,Astragalus neglectus (Torr. & A.Gray) E.Sheld.
Astragalus pectinatus,Astragalus pectinatus (Hook.) Douglas ex G.Don
Astragalus purshii,Astragalus purshii Douglas ex G.Don
Astragalus purshii var. glareosus,Astragalus purshii var. glareosus (Douglas) Barneby
Astragalus purshii var. purshii,Astragalus purshii var. purshii
Astragalus racemosus,Astragalus racemosus Pursh
Astragalus racemosus var. racemosus,Astragalus racemosus var. racemosus
Astragalus robbinsii,Astragalus robbinsii (Oakes) A.Gray
Astragalus robbinsii var. fernaldii,Astragalus robbinsii var. fernaldii (Rydb.) Barneby
Astragalus robbinsii var. minor,Astragalus robbinsii var. minor (Hook.) Barneby
Astragalus sclerocarpus,Astragalus sclerocarpus A.Gray
Astragalus spatulatus,Astragalus spatulatus E.Sheld.
Astragalus tenellus,Astragalus tenellus Pursh
Astragalus umbellatus,Astragalus umbellatus Bunge
Astragalus vexilliflexus,Astragalus vexilliflexus E.Sheld.
Astragalus vexilliflexus var. vexilliflexus,Astragalus vexilliflexus var. vexilliflexus
Astragalus williamsii,Astragalus williamsii Britton & Rydb.
Balsamorhiza deltoidea,Balsamorhiza deltoidea Nutt.
Balsamorhiza sagittata,Balsamorhiza sagittata (Pursh) Nutt.
Betula alleghaniensis,Betula alleghaniensis Britton
Betula cordifolia,Betula cordifolia Regel
Betula lenta,Betula lenta L.
Betula minor,Betula minor (Tuck.) Fernald
Betula occidentalis,Betula occidentalis Hook.
Betula papyrifera,Betula papyrifera Marshall
Betula populifolia,Betula populifolia Marshall
Blitum capitatum,Blitum capitatum L.
Blitum capitatum subsp. capitatum,Blitum capitatum subsp. capitatum
Blitum nuttallianum,Blitum nuttallianum Roem. & Schult.
Bromus anomalus,Bromus anomalus Rupr. ex E.Fourn.
Bromus ciliatus,Bromus ciliatus L.
Bromus inermis,Bromus inermis Leyss.
Bromus kalmii,Bromus kalmii A.Gray
Bromus pacificus,Bromus pacificus Shear
Bromus porteri,Bromus porteri (Coult.) Nash
Bromus pubescens,Bromus pubescens Muhl. ex Willd.
Bromus sitchensis,Bromus sitchensis Trin.
Bromus sitchensis var. aleutensis,Bromus sitchensis var. aleutensis (Trin. ex Griseb.) Hultén
Bromus sitchensis var. marginatus,Bromus sitchensis var. marginatus (Nees ex Steud.) B.Boivin
Bromus sitchensis var. sitchensis,Bromus sitchensis var. sitchensis
Bromus vulgaris,Bromus vulgaris (Hook.) Shear
Calamagrostis canadensis,Calamagrostis canadensis (Michx.) P.Beauv.
Calamagrostis canadensis var. canadensis,Calamagrostis canadensis var. canadensis
Calamagrostis purpurascens,Calamagrostis purpurascens R.Br.
Callitropsis nootkatensis,Callitropsis nootkatensis (D.Don) D.P.Little
Caltha leptosepala,Caltha leptosepala DC.
Calypso bulbosa,Calypso bulbosa (L.) Oakes
Calypso bulbosa var. americana,Calypso bulbosa var. americana (R.Br.) Luer
Calypso bulbosa var. occidentalis,Calypso bulbosa var. occidentalis (Holz.) Cockerell
Camassia leichtlinii,Camassia leichtlinii (Baker) S.Watson
Camassia leichtlinii subsp. suksdorfii,Camassia leichtlinii subsp. suksdorfii (Greenm.) Gould
Camassia quamash,Camassia quamash (Pursh) Greene
Camassia quamash subsp. maxima,Camassia quamash subsp. maxima Gould
Camassia quamash subsp. quamash,Camassia quamash (Pursh) Greene subsp. quamash
Carex obnupta,Carex obnupta L.H.Bailey
Carpinus caroliniana,Carpinus caroliniana Walter
Carpinus caroliniana subsp. virginiana,Carpinus caroliniana subsp. virginiana (Marshall) Furlow
Carya cordiformis,Carya cordiformis (Wangenh.) C.Koch
Carya glabra,Carya glabra (Mill.) Sweet
Carya laciniosa,Carya laciniosa (F.Michx.) Loudon
Carya ovalis,Carya ovalis (Wangenh.) Sarg.
Carya ovata,Carya ovata (Mill.) K.Koch
Castanea dentata,Castanea dentata (Marshall) Borkh.
Celtis occidentalis,Celtis occidentalis L.
Cephalanthus occidentalis,Cephalanthus occidentalis L.
Chamaenerion angustifolium,Chamaenerion angustifolium (L.) Scop.
Chamaenerion angustifolium subsp. angustifolium,Chamaenerion angustifolium subsp. angustifolium
Chamaenerion angustifolium subsp. circumvagum,Chamaenerion angustifolium subsp. circumvagum (Mosquin) Moldenke
Chenopodiastrum simplex,"Chenopodiastrum simplex (Torr.) S.Fuentes, Uotila & Borsch"
Chenopodium berlandieri,Chenopodium berlandieri Moq.
Chenopodium berlandieri var. bushianum,Chenopodium berlandieri var. bushianum (Aellen) Cronquist
Chenopodium berlandieri var. macrocalycium,Chenopodium berlandieri var. macrocalycium (Aellen) Cronquist
Chenopodium berlandieri var. zschackei,Chenopodium berlandieri var. zschackei (Murr) Murr
Chenopodium desiccatum,Chenopodium desiccatum A.Nelson
Chenopodium fremontii,Chenopodium fremontii S.Watson
Chenopodium hians,Chenopodium hians Standl.
Chenopodium leptophyllum,Chenopodium leptophyllum (Moq.) Nutt. ex S.Watson
Chenopodium watsonii,Chenopodium watsonii A.Nelson
Claytonia caroliniana,Claytonia caroliniana Michx.
Claytonia lanceolata,Claytonia lanceolata Pursh
Claytonia megarhiza,Claytonia megarhiza (Gray) Parry ex S.Watson
Claytonia perfoliata,Claytonia perfoliata Donn.
Claytonia perfoliata subsp. intermontana,Claytonia perfoliata subsp. intermontana J.M.Mill. & K.L.Chambers
Claytonia perfoliata subsp. perfoliata,Claytonia perfoliata subsp. perfoliata
Claytonia sibirica,Claytonia sibirica L.
Claytonia virginica,Claytonia virginica L.
Clinopodium douglasii,Clinopodium douglasii (Benth.) Kuntze
Coleataenia longifolia,Coleataenia longifolia (Torr.) Soreng
Coleataenia longifolia subsp. longifolia,Coleataenia longifolia subsp. longifolia
Comarum palustre,Comarum palustre L.
Conioselinum gmelinii,Conioselinum gmelinii (Cham. & Schltdl.) J.M.Coult. & Rose
Cornus amomum,Cornus amomum Mill.
Cornus canadensis,Cornus canadensis L.
Cornus nuttallii,Cornus nuttallii Audubon ex Torr. & A.Gray
Cornus obliqua,Cornus obliqua Raf.
Cornus sericea,Cornus sericea L.
Cornus suecica,Cornus suecica L.
Cornus unalaschkensis,Cornus unalaschkensis Ledeb.
Corylus americana,Corylus americana Walter
Corylus californica,"Corylus californica hort. ex K.Koch, 1873"
Corylus cornuta,Corylus cornuta Marshall
Crataegus aquacervensis,Crataegus aquacervensis J.B.Phipps & O'Kennon
Crataegus atrovirens,Crataegus atrovirens J.B.Phipps & O'Kennon
Crataegus beata,Crataegus beata Sarg.
Crataegus brainerdii,Crataegus brainerdii Sarg.
Crataegus calpodendron,Crataegus calpodendron (Ehrh.) Medik.
Crataegus canadensis,Crataegus canadensis Sarg.
Crataegus castlegarensis,Crataegus castlegarensis J.B.Phipps & O'Kennon
Crataegus chrysocarpa,Crataegus chrysocarpa Ashe
Crataegus chrysocarpa var. blanchardii,Crataegus chrysocarpa var. blanchardii (Sarg.) J.B.Phipps
Crataegus chrysocarpa var. chrysocarpa,Crataegus chrysocarpa var. chrysocarpa
Crataegus chrysocarpa var. faxonii,Crataegus chrysocarpa var. faxonii (Sarg.) Eggl.
Crataegus chrysocarpa var. phoeniceoides,Crataegus chrysocarpa var. phoeniceoides J.B.Phipps & Sennikov
Crataegus chrysocarpa var. piperi,Crataegus chrysocarpa var. piperi (Britton) Kruschke
Crataegus chrysocarpa var. subrotundifolia,Crataegus chrysocarpa var. subrotundifolia (Sarg.) Phipps
Crataegus chrysocarpa var. vernonensis,Crataegus chrysocarpa var. vernonensis J.B.Phipps & O'Kennon
Crataegus chrysocarpa var. virgintistamina,Crataegus chrysocarpa Ashe
Crataegus coccinea,Crataegus coccinea L.
Crataegus coccinea var. coccinea,Crataegus coccinea var. coccinea
Crataegus coccinea var. fulleriana,Crataegus coccinea var. fulleriana (Sarg.) J.A.Macklin & J.B.Phipps
Crataegus coccinea var. pringlei,Crataegus coccinea var. pringlei (Sarg.) J.A.Macklin & J.B.Phipps
Crataegus coccinioides,Crataegus coccinioides Ashe
Crataegus cognata,Crataegus cognata Sarg.
Crataegus compacta,Crataegus compacta Sarg.
Crataegus crus-galli,Crataegus crus-galli L.
Crataegus crus-galli var. crus-galli,Crataegus crus-galli var. crus-galli
Crataegus cupressocollina,Crataegus cupressocollina J.B.Phipps & O'Kennon
Crataegus dodgei,Crataegus dodgei Ashe
Crataegus douglasii,Crataegus douglasii Lindl.
Crataegus enderbyensis,Crataegus enderbyensis J.B.Phipps & O'Kennon
Crataegus flabellata,Crataegus flabellata Bosc ex M.Roem.
Crataegus florifera,Crataegus florifera Sarg.
Crataegus fluviatilis,Crataegus fluviatilis Sarg.
Crataegus formosa,Crataegus formosa Sarg.
Crataegus gaylussacia,Crataegus gaylussacia A.Heller
Crataegus holmesiana,Crataegus holmesiana Ashe
Crataegus intricata,Crataegus intricata Lange
Crataegus irrasa,Crataegus irrasa Sarg.
Crataegus jesupii,Crataegus jesupii Sarg.
Crataegus jonesiae,Crataegus jonesiae Sargent
Crataegus knieskerniana,Crataegus knieskerniana Sarg.
Crataegus laevigata,Crataegus laevigata (Poir.) DC.
Crataegus lemingtonensis,Crataegus lemingtonensis Sarg.
Crataegus lumaria,Crataegus lumaria Ashe
Crataegus macracantha,Crataegus macracantha Koehne
Crataegus macrosperma,Crataegus macrosperma Ashe
Crataegus magniflora,Crataegus magniflora Sarg.
Crataegus margarettae,Crataegus margarettae Ashe
Crataegus margarettae var. angustifolia,Crataegus margarettae var. angustifolia E.J.Palmer
Crataegus margarettae var. margarettae,Crataegus margarettae f. margarettae
Crataegus mollis,Crataegus mollis (Torr. & A.Gray) Scheele
Crataegus mollis var. incisifolia,Crataegus mollis var. incisifolia Kruschke ex J.B.Phipps
Crataegus mollis var. mollis,Crataegus mollis var. mollis
Crataegus nitidula,Crataegus nitidula Sarg.
Crataegus okanaganensis,Crataegus okanaganensis J.B.Phipps & O'Kennon
Crataegus okanaganensis var. okanaganensis,Crataegus okanaganensis var. okanaganensis
Crataegus okanaganensis var. wellsii,Crataegus okanaganensis var. wellsii J.B.Phipps & O'Kennon
Crataegus okennonii,Crataegus okennonii J.B.Phipps
Crataegus orbicularis,Crataegus orbicularis J.B.Phipps & O'Kennon
Crataegus pennsylvanica,Crataegus pennsylvanica Ashe
Crataegus perjucunda,Crataegus perjucunda Sarg.
Crataegus persimilis,Crataegus persimilis Sarg.
Crataegus phippsii,Crataegus phippsii O'Kennon
Crataegus populnea,Crataegus populnea Ashe
Crataegus prona,Crataegus prona Ashe
Crataegus pruinosa,Crataegus pruinosa H.L.Wendl.
Crataegus pruinosa var. dissona,Crataegus pruinosa var. dissona (Sarg.) J.B.Phipps
Crataegus pruinosa var. parvula,Crataegus pruinosa var. parvula (Sarg.) J.B.Phipps
Crataegus pruinosa var. pruinosa,Crataegus pruinosa var. pruinosa
Crataegus pruinosa var. rugosa,Crataegus pruinosa var. rugosa (Ashe) Kruschke
Crataegus pruinosa var. virella,Crataegus pruinosa var. virella (Ashe) Kruschke
Crataegus punctata,Crataegus punctata Jacq.
Crataegus purpurella,Crataegus purpurella J.B.Phipps & O'Kennon
Crataegus rivuloadamensis,Crataegus rivuloadamensis J.B.Phipps & O'Kennon
Crataegus rivulopugnensis,Crataegus rivulopugnensis J.B.Phipps & O'Kennon
Crataegus rubribracteolata,Crataegus rubribracteolata J.B.Phipps & O'Kennon
Crataegus scabrida,Crataegus scabrida Sarg.
Crataegus scabrida var. asperifolia,Crataegus scabrida var. asperifolia (Sarg.) Kruschke
Crataegus scabrida var. cyclophylla,Crataegus scabrida var. cyclophylla (Sarg.) Kruschke
Crataegus scabrida var. egglestonii,Crataegus scabrida var. egglestonii (Sarg.) Kruschke
Crataegus scabrida var. scabrida,Crataegus scabrida Sarg.
Crataegus schuettei,Crataegus schuettei Ashe
Crataegus schuettei var. schuettei,Crataegus schuettei var. schuettei
Crataegus sheila-phippsiae,Crataegus sheila-phippsiae J.B.Phipps & O'Kennon
Crataegus sheila-phippsiae var. saskatchewanensis,Crataegus sheila-phippsiae var. saskatchewanensis J.B.Phipps & O'Kennon
Crataegus sheila-phippsiae var. sheila-phippsiae,Crataegus sheila-phippsiae var. sheila-phippsiae
Crataegus sheridana,Crataegus sheridana A.Nelson
Crataegus shuswapensis,Crataegus shuswapensis J.B.Phipps & O'Kennon
Crataegus stolonifera,Crataegus stolonifera Sarg.
Crataegus submollis,Crataegus submollis Sarg.
Crataegus suborbiculata,Crataegus suborbiculata Sarg.
Crataegus succulenta,Crataegus succulenta Schrad. ex Link
Crataegus succulenta var. gemmosa,Crataegus succulenta var. gemmosa (Sarg.) Kruschke
Crataegus succulenta var. michiganensis,Crataegus succulenta var. michiganensis (Ashe) E.J.Palmer
Crataegus succulenta var. succulenta,Crataegus succulenta var. succulenta
Crataegus ursopedensis,Crataegus ursopedensis J.B.Phipps & O'Kennon
Dasiphora fruticosa,Dasiphora fruticosa (L.) Rydb.
Daucus pusillus,Daucus pusillus Michx.
Dicentra formosa,Dicentra formosa (Andrews) Walp.
Dichanthelium boreale,Dichanthelium boreale (Nash) Freckmann
Dichanthelium clandestinum,"Dichanthelium clandestinum Linnaeus, 1753"
Dichanthelium depauperatum,Dichanthelium depauperatum (Muhl.) Gould
Dichanthelium dichotomum,"Dichanthelium dichotomum Linnaeus, 1753"
Dichanthelium dichotomum subsp. dichotomum,Dichanthelium dichotomum subsp. dichotomum
Dichanthelium latifolium,"Dichanthelium latifolium Linnaeus, 1753"
Dichanthelium leibergii,Dichanthelium leibergii (Vasey) Freckmann
Dichanthelium linearifolium,Dichanthelium linearifolium (Scribn.) Gould
Dichanthelium sphaerocarpon,Dichanthelium sphaerocarpon (Elliott) Gould
Dichanthelium wilcoxianum,Dichanthelium wilcoxianum (Vasey) Freckmann
Dichanthelium xanthophysum,Dichanthelium xanthophysum (A.Gray) Freckmann
Diervilla lonicera,Diervilla lonicera Mill.
Dioscorea villosa,Dioscorea villosa L.
Drymocallis glandulosa,Drymocallis glandulosa (Lindl.) Rydb.
Drymocallis glandulosa var. glandulosa,Drymocallis glandulosa var. glandulosa
Elaeagnus commutata,Elaeagnus commutata Bernh. ex Rydb.
Elymus alaskanus,Elymus alaskanus (Scribn. & Merr.) Á.Löve
Elymus alaskanus subsp. alaskanus,Elymus alaskanus subsp. alaskanus
Elymus albicans,Elymus albicans (Scribn. & J.G.Sm.) Á.Löve
Elymus canadensis,Elymus canadensis L.
Elymus canadensis var. canadensis,Elymus canadensis f. canadensis
Elymus curvatus,Elymus curvatus Linnaeus
Elymus elymoides,Elymus elymoides (Raf.) Swezey
Elymus elymoides subsp. californicus,Elymus elymoides subsp. californicus (J.G.Sm.) Barkworth
Elymus elymoides subsp. elymoides,Elymus elymoides subsp. elymoides
Elymus glaucus,Elymus glaucus Buckley
Elymus glaucus subsp. glaucus,Elymus glaucus subsp. glaucus
Elymus glaucus subsp. virescens,Elymus glaucus subsp. virescens (Piper) Gould
Elymus hirsutus,Elymus hirsutus J.Presl
Elymus hystrix,Elymus hystrix L.
Elymus lanceolatus,Elymus lanceolatus (Scribn. & J.G.Sm.) Gould
Elymus lanceolatus subsp. lanceolatus,Elymus lanceolatus subsp. lanceolatus
Elymus lanceolatus subsp. psammophilus,Elymus lanceolatus subsp. psammophilus (J.M.Gillett & Senn) Á.Löve
Elymus macrourus,Elymus macrourus (Turcz.) Tzvelev
Elymus riparius,Elymus riparius Wiegand
Elymus scribneri,Elymus scribneri (Vasey) M.E.Jones
Elymus sibiricus,Elymus sibiricus L.
Elymus villosus,Elymus villosus Muhl. ex Willd.
Elymus violaceus,Elymus violaceus (Hornem.) J.Feilberg
Elymus virginicus,Elymus virginicus L.
Elymus virginicus var. halophilus,Elymus virginicus var. halophilus (E.P.Bicknell) Wiegand
Elymus virginicus var. intermedius,Elymus virginicus var. intermedius (Vasey ex A.Gray) Bush
Elymus virginicus var. virginicus,Elymus virginicus var. virginicus
Empetrum nigrum,Empetrum nigrum L.
Empetrum nigrum subsp. hermaphroditum,Empetrum nigrum subsp. hermaphroditum (Hagerup) Böcher
Empetrum nigrum subsp. nigrum,Empetrum nigrum subsp. nigrum
Erythronium americanum,Erythronium americanum Ker Gawl.
Erythronium americanum subsp. americanum,Erythronium americanum subsp. americanum
Erythronium grandiflorum,Erythronium grandiflorum Pursh
Erythronium grandiflorum subsp. grandiflorum,Erythronium grandiflorum subsp. grandiflorum
Erythronium oregonum,Erythronium oregonum Applegate
Erythronium revolutum,Erythronium revolutum Sm.
Fagus grandifolia,Fagus grandifolia Ehrh.
Festuca altaica,Festuca altaica Trin.
Festuca occidentalis,Festuca occidentalis Hook.
Festuca rubra,Festuca rubra L.
Festuca rubra subsp. arctica,Festuca rubra subsp. arctica (Hack.) Govor.
Festuca rubra subsp. aucta,Festuca rubra subsp. aucta (V.I.Krecz. & Bobrov) Hultén
Festuca rubra subsp. commutata,Festuca rubra L.
Festuca rubra subsp. fallax,Festuca rubra subsp. fallax (Thuill.) Hack.
Festuca rubra subsp. pruinosa,Festuca rubra subsp. pruinosa (Hack.) Piper
Festuca rubra subsp. rubra,Festuca rubra subsp. rubra
Festuca rubra subsp. secunda,Festuca rubra subsp. secunda (J.Presl) Pavlick
Festuca rubra subsp. vallicola,Festuca rubra subsp. vallicola (Rydb.) Pavlick
Festuca subulata,Festuca subulata Trin.
Festuca subuliflora,Festuca subuliflora Scribn.
Festuca subverticillata,Festuca subverticillata (Pers.) E.B.Alexeev
Festuca viridula,Festuca viridula Vasey
Fragaria ananassa,Fragaria ananassa Duchesne ex Rozier
Fragaria ananassa subsp. ananassa,Fragaria ananassa subsp. ananassa Duchesne ex Rozier
Fragaria ananassa subsp. cuneifolia,Fragaria ananassa subsp. cuneifolia (Nuttall ex Howell) Staudt
Fragaria chiloensis,Fragaria chiloensis (L.) Duchesne
Fragaria chiloensis subsp. lucida,Fragaria chiloensis subsp. lucida (Vilm.) Staudt
Fragaria chiloensis subsp. pacifica,Fragaria chiloensis subsp. pacifica Staudt
Fragaria vesca,Fragaria vesca L.
Fragaria vesca subsp. americana,Fragaria vesca subsp. americana (Porter) Staudt
Fragaria vesca subsp. bracteata,Fragaria vesca subsp. bracteata (A.Heller) Staudt
Fragaria vesca subsp. vesca,Fragaria vesca subsp. vesca
Fragaria virginiana,Fragaria virginiana Duchesne
Fragaria virginiana subsp. glauca,Fragaria virginiana subsp. glauca (S.Watson) Staudt
Fragaria virginiana subsp. platypetala,Fragaria virginiana subsp. platypetala (Rydb.) A.E.Murray
Fragaria virginiana subsp. virginiana,Fragaria virginiana subsp. virginiana
Frangula purshiana,Frangula purshiana (DC.) J.G.Cooper
Frangula purshiana subsp. purshiana,Frangula purshiana subsp. purshiana
Fraxinus americana,Fraxinus americana L.
Fraxinus nigra,Fraxinus nigra Marshall
Fraxinus pennsylvanica,Fraxinus pennsylvanica Marshall
Fraxinus quadrangulata,Fraxinus quadrangulata Michx.
Fritillaria affinis,Fritillaria affinis (Schult. & Schult.f.) Sealy
Fritillaria affinis var. affinis,Fritillaria affinis var. affinis
Fritillaria camschatcensis,Fritillaria camschatcensis (L.) Ker Gawl.
Fritillaria pudica,Fritillaria pudica (Pursh) Spreng.
Gaillardia aristata,Gaillardia aristata Pursh
Gaultheria hispidula,Gaultheria hispidula (L.) Muhl. ex Bigelow
Gaultheria humifusa,Gaultheria humifusa (Graham) Rydb.
Gaultheria ovatifolia,Gaultheria ovatifolia A.Gray
Gaultheria procumbens,Gaultheria procumbens L.
Gaultheria shallon,Gaultheria shallon Pursh
Gaylussacia baccata,Gaylussacia baccata (Wangenh.) K.Koch
Gaylussacia bigeloviana,Gaylussacia bigeloviana (Fernald) Sorrie & Weakley
Gleditsia triacanthos,Gleditsia triacanthos L.
Glycyrrhiza lepidota,Glycyrrhiza lepidota Pursh
Hamamelis virginiana,Hamamelis virginiana L.
Hedysarum americanum,Hedysarum americanum (Michx. ex Pursh) Britton
Hedysarum boreale,Hedysarum boreale Nutt.
Hedysarum boreale subsp. boreale,Hedysarum boreale subsp. boreale
Hedysarum boreale subsp. mackenziei,Hedysarum boreale subsp. mackenziei (Richardson) S.L.Welsh
Hedysarum occidentale,Hedysarum occidentale Greene
Hedysarum sulphurescens,Hedysarum sulphurescens Rydb.
Helianthus laetiflorus,Helianthus laetiflorus Persoon
Helianthus annuus,Helianthus annuus L.
Helianthus decapetalus,Helianthus decapetalus L.
Helianthus divaricatus,Helianthus divaricatus L.
Helianthus giganteus,Helianthus giganteus L.
Helianthus hirsutus,Helianthus hirsutus Raf.
Helianthus maximiliani,Helianthus maximiliani Schrad.
Helianthus nuttallii,Helianthus nuttallii Torr. & A.Gray
Helianthus nuttallii subsp. rydbergii,Helianthus nuttallii subsp. rydbergii (Britton) R.W.Long
Helianthus pauciflorus,Helianthus pauciflorus Nutt.
Helianthus pauciflorus subsp. pauciflorus,Helianthus pauciflorus subsp. pauciflorus
Helianthus pauciflorus subsp. subrhomboideus,Helianthus pauciflorus subsp. subrhomboideus (Rydb.) O.Spring & E.E.Schill.
Helianthus petiolaris,Helianthus petiolaris Nutt.
Helianthus petiolaris subsp. petiolaris,Helianthus petiolaris subsp. petiolaris
Helianthus strumosus,Helianthus strumosus L.
Helianthus tuberosus,Helianthus tuberosus L.
Heracleum sphondylium,Heracleum sphondylium L.
Heuchera chlorantha,Heuchera chlorantha Piper
Holodiscus discolor,Holodiscus discolor (Pursh) Maxim.
Holodiscus discolor var. discolor,Holodiscus discolor var. discolor
Honckenya peploides,Honckenya peploides (L.) Ehrh.
Honckenya peploides subsp. diffusa,Honckenya peploides subsp. diffusa (Hornem.) Hultén ex V.V.Petrovsky
Honckenya peploides subsp. major,Honckenya peploides subsp. major (Hook.) Hultén
Honckenya peploides subsp. robusta,Honckenya peploides subsp. robusta (Fernald) Hultén
Hordeum brachyantherum,Hordeum brachyantherum Nevski
Hordeum brachyantherum subsp. brachyantherum,Hordeum brachyantherum Nevski
Hordeum depressum,Hordeum depressum (Scribn. & J.G.Sm.) Rydb.
Hordeum jubatum,Hordeum jubatum L.
Hordeum jubatum subsp. intermedium,Hordeum jubatum subsp. intermedium Bowden
Hordeum jubatum subsp. jubatum,Hordeum jubatum var. jubatum
Hordeum pusillum,Hordeum pusillum Nutt.
Hosackia gracilis,Hosackia gracilis Benth.
Hosackia pinnata,Hosackia pinnata (Hook.) Abrams
Humulus lupulus,Humulus lupulus L.
Humulus lupulus var. lupuloides,Humulus lupulus var. lupuloides E.Small
Ilex mucronata,"Ilex mucronata (L.) M.Powell, Savol. & S.Andrews"
Ilex verticillata,Ilex verticillata (L.) A.Gray
Juglans cinerea,Juglans cinerea L.
Juglans nigra,Juglans nigra L.
Juniperus communis,Juniperus communis L.
Juniperus communis var. charlottensis,Juniperus communis var. charlottensis R.P.Adams
Juniperus communis var. depressa,Juniperus communis var. depressa Pursh
Juniperus communis var. megistocarpa,Juniperus communis var. megistocarpa Fernald & H.St.John
Juniperus communis var. saxatilis,Juniperus communis var. saxatilis Pall.
Juniperus horizontalis,Juniperus horizontalis Moench
Juniperus scopulorum,Juniperus scopulorum Sarg.
Kalmia angustifolia,Kalmia angustifolia L.
Kalmia angustifolia var. angustifolia,Kalmia angustifolia f. angustifolia
Kalmia microphylla,Kalmia microphylla (Hook.) A.Heller
Kalmia microphylla var. microphylla,Kalmia microphylla var. microphylla
Kalmia microphylla var. occidentalis,Kalmia microphylla var. occidentalis (Small) Ebinger
Lactuca tatarica,Lactuca tatarica (L.) C.A.Mey.
Lactuca tatarica subsp. pulchella,Lactuca tatarica subsp. pulchella (Pursh) Stebbins
Larix laricina,Larix laricina (Du Roi) K.Koch
Larix lyallii,Larix lyallii Parl.
Larix occidentalis,Larix occidentalis Nutt.
Lathyrus japonicus,Lathyrus japonicus Willd.
Lathyrus lanszwertii,Lathyrus lanszwertii Kellogg
Lathyrus lanszwertii var. bijugatus,Lathyrus lanszwertii var. bijugatus (T.G.White) Broich
Lathyrus littoralis,Lathyrus littoralis (Nutt.) Endl. ex Walp.
Lathyrus nevadensis,Lathyrus nevadensis S.Watson
Lathyrus nevadensis var. nevadensis,Lathyrus nevadensis var. nevadensis
Lathyrus palustris,Lathyrus palustris L.
Lathyrus venosus,Lathyrus venosus Muhl. ex Willd.
Lathyrus venosus var. intonsus,Lathyrus venosus var. intonsus Butters & H.St.John
Leymus cinereus,Leymus cinereus (Scribn. & Merr.) Á.Löve
Leymus innovatus,Leymus innovatus (Beal) Pilg.
Leymus innovatus subsp. innovatus,Leymus innovatus subsp. innovatus
Leymus innovatus subsp. velutinus,Leymus innovatus subsp. velutinus (Bowden) Tzvelev
Leymus mollis,Leymus mollis (Trin.) Pilg.
Leymus mollis subsp. mollis,Leymus mollis subsp. mollis
Leymus mollis subsp. villosissimus,Leymus mollis subsp. villosissimus (Scribn.) Á.Löve & D.Löve
Leymus triticoides,Leymus triticoides (Buckley) Pilg.
Lilium columbianum,Lilium columbianum Leichtlin
Lindera benzoin,Lindera benzoin (L.) Meisn.
Linum compactum,Linum compactum A.Nelson
Linum lewisii,Linum lewisii Pursh
Linum lewisii var. lepagei,Linum lewisii var. lepagei (B.Boivin) C.M.Rogers
Linum lewisii var. lewisii,Linum lewisii var. lewisii
Linum medium,Linum medium (Planch.) Britton ex Britton & A.Br.
Linum medium var. medium,Linum medium var. medium
Linum medium var. texanum,"Linum medium var. texanum A.Haines, 2010"
Linum perenne,Linum perenne L.
Linum rigidum,Linum rigidum Pursh
Linum striatum,Linum striatum Walter
Linum sulcatum,Linum sulcatum Riddell
Linum usitatissimum,Linum usitatissimum L.
Linum virginianum,Linum virginianum L.
Lomatium ambiguum,Lomatium ambiguum (Nutt.) J.M.Coult. & Rose
Lomatium cous,Lomatium cous (S.Watson) J.M.Coult. & Rose
Lomatium dissectum,Lomatium dissectum (Nutt. ex Torr. & Gray) Mathias & Constance
Lomatium foeniculaceum,Lomatium foeniculaceum (Nutt.) J.M.Coult. & Rose
Lomatium foeniculaceum subsp. foeniculaceum,Lomatium foeniculaceum subsp. foeniculaceum
Lomatium geyeri,Lomatium geyeri (S.Watson) J.M.Coult. & Rose
Lomatium macrocarpum,Lomatium macrocarpum (Hook. & Arn.) J.M.Coult. & Rose
Lomatium nudicaule,Lomatium nudicaule (Pursh) J.M.Coult. & Rose
Lomatium triternatum,Lomatium triternatum (Pursh) J.M.Coult. & Rose
Lomatium utriculatum,Lomatium utriculatum (Nutt. ex Torr. & Gray) J.M.Coult. & Rose
Lonicera canadensis,Lonicera canadensis Bartram ex Marshall
Lonicera ciliosa,Lonicera ciliosa (Pursh) Poir.
Lonicera involucrata,Lonicera involucrata (Richards.) Banks ex Spreng.
Lonicera involucrata var. involucrata,Lonicera involucrata var. involucrata
Lonicera utahensis,Lonicera utahensis S.Watson
Lupinus arbustus,Lupinus arbustus Douglas
Lupinus arcticus,Lupinus arcticus S.Watson
Lupinus argenteus,Lupinus argenteus Pursh
Lupinus bicolor,Lupinus bicolor Lindl.
Lupinus depressus,Lupinus depressus Rydb.
Lupinus kuschei,Lupinus kuschei Eastw.
Lupinus latifolius,Lupinus latifolius Lindl. ex J.Agardh
Lupinus lepidus,Lupinus lepidus Douglas ex Lindl.
Lupinus leucophyllus,Lupinus leucophyllus Douglas ex Lindl.
Lupinus littoralis,Lupinus littoralis Douglas ex Lindl.
Lupinus microcarpus,Lupinus microcarpus Sims
Lupinus nootkatensis,Lupinus nootkatensis Donn ex Sims
Lupinus nootkatensis var. nootkatensis,Lupinus nootkatensis var. nootkatensis
Lupinus oreganus,Lupinus oreganus A.Heller
Lupinus perennis,Lupinus perennis L.
Lupinus polyphyllus,Lupinus polyphyllus Lindl.
Lupinus polyphyllus var. burkei,Lupinus polyphyllus var. burkei (S.Watson) C.L.Hitchc.
Lupinus polyphyllus var. polyphyllus,Lupinus polyphyllus var. polyphyllus
Lupinus pusillus,Lupinus pusillus Pursh
Lupinus rivularis,Lupinus rivularis Douglas ex Lindl.
Lupinus sericeus,Lupinus sericeus Pursh
Lupinus sulphureus,Lupinus sulphureus Douglas
Lysichiton americanus,Lysichiton americanus Hultén & H.St.John
Magnolia acuminata,Magnolia acuminata (L.) L.
Mahonia aquifolium,Mahonia aquifolium (Pursh) Nutt.
Mahonia nervosa,Mahonia nervosa (Pursh) Nutt.
Mahonia repens,Mahonia repens (Lindl.) G.Don
Maianthemum dilatatum,Maianthemum dilatatum (Alph.Wood) A.Nelson & J.F.Macbr.
Maianthemum racemosum,Maianthemum racemosum (L.) Link
Maianthemum stellatum,Maianthemum stellatum (L.) Link
Malus coronaria,Malus coronaria (L.) Mill.
Malus fusca,Malus fusca (Raf.) C.K.Schneid.
Melica bulbosa,Melica bulbosa Porter & J.M.Coult.
Melica subulata,Melica subulata (Griseb.) Scribn.
Mentha canadensis,Mentha canadensis L.
Mitchella repens,Mitchella repens L.
Monarda fistulosa,Monarda fistulosa L.
Monarda fistulosa var. fistulosa,Monarda fistulosa var. fistulosa
Monarda fistulosa var. menthifolia,Monarda fistulosa var. menthifolia (Graham) Fernald
Monotropa uniflora,Monotropa uniflora L.
Morella pensylvanica,Morella pensylvanica (Mirb.) Kartesz
Morus rubra,Morus rubra L.
Myrica gale,Myrica gale L.
Nicotiana attenuata,Nicotiana attenuata Torr. ex S.Watson
Nuphar polysepala,Nuphar polysepalum Engelm.
Nymphaea tetragona,Nymphaea tetragona Georgi
Oemleria cerasiformis,Oemleria cerasiformis (Torr. & A.Gray) J.W.Landon
Oenanthe sarmentosa,Oenanthe sarmentosa C.Presl ex DC.
Oplopanax horridus,Oplopanax horridus (Sm.) Miq.
Opuntia fragilis,Opuntia fragilis (Nutt.) Haw.
Opuntia polyacantha,Opuntia polyacantha Haw.
Opuntia polyacantha var. polyacantha,Opuntia polyacantha var. polyacantha
Ostrya virginiana,Ostrya virginiana (Mill.) K.Koch
Oxybasis rubra,"Oxybasis rubra (L.) S.Fuentes, Uotila & Borsch"
Oxybasis rubra var. humilis,Oxybasis rubra var. humilis (Hook.) Mosyakin
Oxybasis rubra var. rubra,Oxybasis rubra var. rubra
Panax quinquefolius,Panax quinquefolius L.
Panax trifolius,Panax trifolius L.
Panicum capillare,Panicum capillare L.
Panicum dichotomiflorum,Panicum dichotomiflorum Michx.
Panicum dichotomiflorum subsp. dichotomiflorum,Panicum dichotomiflorum subsp. dichotomiflorum
Panicum philadelphicum,Panicum philadelphicum Bernh. ex Nees
Panicum virgatum,Panicum virgatum L.
Pascopyrum smithii,Pascopyrum smithii (Rydb.) Barkworth & D.R.Dewey
Phalaris arundinacea,Phalaris arundinacea L.
Philadelphus lewisii,Philadelphus lewisii Pursh
Philadelphus lewisii var. lewisii,Philadelphus lewisii var. lewisii
Phleum alpinum,Phleum alpinum L.
Physalis heterophylla,Physalis heterophylla Nees
Physalis longifolia,Physalis longifolia Nutt.
Physalis longifolia var. subglabrata,Physalis longifolia var. subglabrata (Mack. & Bush) Cronquist
Physalis virginiana,Physalis virginiana Mill.
Physaria arctica,Physaria arctica (Wormsk. ex Hornem.) O'Kane & Al-Shehbaz
Physaria douglasii,Physaria douglasii (S.Watson) O'Kane & Al-Shehbaz
Physaria douglasii subsp. douglasii,Physaria douglasii subsp. douglasii
Physaria spatulata,Physaria spatulata (Rydb.) Grady & O'Kane
Picea engelmannii,Picea engelmannii Parry ex Engelm.
Picea engelmannii var. engelmannii,Picea engelmannii f. engelmannii
Picea glauca,Picea glauca (Moench) Voss
Picea mariana,Picea mariana (Mill.) Britton et al.
Picea rubens,Picea rubens Sarg.
Picea sitchensis,Picea sitchensis (Bong.) Carrière
Pinus albicaulis,Pinus albicaulis Engelm.
Pinus banksiana,Pinus banksiana Lamb.
Pinus contorta,Pinus contorta Douglas ex Loudon
Pinus contorta var. contorta,Pinus contorta var. contorta
Pinus contorta var. latifolia,Pinus contorta var. latifolia Engelm.
Pinus contorta var. yukonensis,Pinus contorta var. yukonensis W.L.Strong
Pinus flexilis,Pinus flexilis E.James
Pinus monticola,Pinus monticola Douglas ex D.Don
Pinus ponderosa,Pinus ponderosa Douglas ex C.Lawson
Pinus ponderosa var. ponderosa,Pinus ponderosa var. ponderosa
Pinus ponderosa var. scopulorum,Pinus ponderosa var. scopulorum Engelm.
Pinus resinosa,Pinus resinosa Aiton
Pinus rigida,Pinus rigida Mill.
Pinus strobus,Pinus strobus L.
Plantago maritima,Plantago maritima L.
Platanus occidentalis,Platanus occidentalis L.
Poa abbreviata,Poa abbreviata R.Br.
Poa abbreviata subsp. abbreviata,Poa abbreviata subsp. abbreviata
Poa abbreviata subsp. pattersonii,"Poa abbreviata subsp. pattersonii (Vasey) √. Love, D. Love & B.M. Kapoor"
Poa alpina,Poa alpina L.
Poa alpina subsp. alpina,Poa alpina subsp. alpina
Poa alpina subsp. vivipara,Poa alpina subsp. vivipara (L.) Tzvelev
Poa alsodes,Poa alsodes A.Gray
Poa arctica,Poa arctica R.Br.
Poa arctica subsp. arctica,Poa arctica subsp. arctica
Poa arctica subsp. caespitans,Poa arctica subsp. caespitans Nannf.
Poa arctica subsp. lanata,Poa arctica subsp. lanata (Scribn. & Merr.) Soreng
Poa arida,Poa arida Vasey
Poa confinis,Poa confinis Vasey
Poa cusickii,Poa cusickii Vasey
Poa cusickii subsp. pallida,Poa cusickii subsp. pallida Soreng
Poa cusickii subsp. purpurascens,Poa cusickii subsp. purpurascens (Beal) Soreng
Poa gaspensis,Poa gaspensis Fernald
Poa glauca,Poa glauca Vahl
Poa glauca subsp. glauca,Poa glauca subsp. glauca
Poa glauca subsp. rupicola,Poa glauca subsp. rupicola (Nash) W.A.Weber
Poa hartzii,Poa hartzii Gand.
Poa howellii,Poa howellii Vasey & Scribn.
Poa humilis,Poa humilis Ehrh. ex Hoffm.
Poa juncifolia,Poa juncifolia Scribn.
Poa leptocoma,Poa leptocoma Trin.
Poa lettermanii,Poa lettermanii Vasey
Poa macrantha,Poa macrantha Vasey
Poa marcida,Poa marcida Hitchc.
Poa nemoralis,Poa nemoralis L.
Poa palustris,Poa palustris L.
Poa pratensis,Poa pratensis L.
Poa pratensis subsp. agassizensis,Poa pratensis subsp. agassizensis (B.Boivin & D.Löve) Roy L.Taylor & MacBryde
Poa pratensis subsp. alpigena,Poa pratensis subsp. alpigena (Lindm.) Hiitonen
Poa pratensis subsp. pratensis,Poa pratensis subsp. pratensis
Poa saltuensis,Poa saltuensis Fernald & Wiegand
Poa secunda,Poa secunda J.Presl
Poa secunda subsp. secunda,Poa secunda subsp. secunda
Poa stenantha,Poa stenantha Trin.
Poa trivialis,Poa trivialis L.
Podophyllum peltatum,Podophyllum peltatum L.
Populus angustifolia,Populus angustifolia James
Populus balsamifera,Populus balsamifera L.
Populus deltoides,Populus deltoides W.Bartram ex Marshall
Populus deltoides subsp. deltoides,Populus deltoides subsp. deltoides
Populus deltoides subsp. monilifera,Populus deltoides subsp. monilifera (Aiton) Eckenw.
Populus grandidentata,Populus grandidentata Michx.
Populus tremuloides,Populus tremuloides Michx.
Populus trichocarpa,Populus trichocarpa Torrey & A.Gray
Potentilla anserina,Potentilla anserina Jeps.
Potentilla anserina subsp. anserina,Potentilla anserina subsp. anserina
Potentilla anserina subsp. groenlandica,Potentilla anserina subsp. groenlandica Tratt.
Prunella vulgaris,Prunella vulgaris L.
Prunella vulgaris subsp. lanceolata,Prunella vulgaris subsp. lanceolata (W.P.C.Barton) Piper & Beattie
Prunella vulgaris subsp. vulgaris,Prunella vulgaris subsp. vulgaris
Prunus americana,Prunus americana Marshall
Prunus emarginata,Prunus emarginata (Douglas ex Hook.) Walp.
Prunus nigra,Prunus nigra Aiton
Prunus pensylvanica,Prunus pensylvanica L.fil.
Prunus pumila,Prunus pumila L.
Prunus pumila var. besseyi,Prunus pumila var. besseyi (L.H.Bailey) Gleason
Prunus pumila var. depressa,Prunus pumila var. depressa (Pursh) Gleason
Prunus pumila var. pumila,Prunus pumila var. pumila
Prunus pumila var. susquehanae,Prunus pumila var. susquehanae (Willd.) H.Jaeger
Prunus serotina,Prunus serotina Ehrh.
Prunus serotina var. serotina,Prunus serotina var. serotina
Prunus virginiana,Prunus virginiana L.
Prunus virginiana var. demissa,Prunus virginiana var. demissa (Nutt.) Torr.
Prunus virginiana var. virginiana,Prunus virginiana var. virginiana
Pseudoroegneria spicata,Pseudoroegneria spicata (Pursh) Á.Löve
Pseudotsuga menziesii,Pseudotsuga menziesii (Mirb.) Franco
Pseudotsuga menziesii var. glauca,Pseudotsuga menziesii var. glauca (Beissn.) Franco
Pseudotsuga menziesii var. menziesii,Pseudotsuga menziesii var. menziesii
Ptelea trifoliata,Ptelea trifoliata L.
Ptelea trifoliata subsp. trifoliata,Ptelea trifoliata subsp. trifoliata
Pycnanthemum virginianum,Pycnanthemum virginianum (L.) T.Durand & B.D.Jacks. ex B.L.Rob. & Fernald
Quercus alba,Quercus alba L.
Quercus bicolor,Quercus bicolor Willd.
Quercus garryana,Quercus garryana Douglas ex Hook.
Quercus garryana var. garryana,Quercus garryana Douglas ex Hook. var. garryana
Quercus macrocarpa,Quercus macrocarpa Michx.
Quercus muehlenbergii,Quercus muehlenbergii Engelm.
Quercus palustris,Quercus palustris Munch.
Quercus prinoides,Quercus prinoides Willd.
Quercus rubra,Quercus rubra L.
Quercus velutina,Quercus velutina Lam.
Rhodiola rosea,Rhodiola rosea L.
Rhododendron columbianum,Rhododendron columbianum (Piper) Harmaja
Rhododendron groenlandicum,Rhododendron groenlandicum (Oeder) Kron & Judd
Rhus aromatica,Rhus aromatica Aiton
Rhus aromatica var. aromatica,Rhus aromatica var. aromatica
Rhus copallinum,Rhus copallina L.
Rhus copallinum var. copallinum,Rhus copallinum L. var. copallinum
Rhus glabra,Rhus glabra L.
Rhus typhina,Rhus typhina L.
Ribes acerifolium,Ribes acerifolium Howell
Ribes americanum,Ribes americanum Mill.
Ribes aureum,Ribes aureum Pursh
Ribes aureum var. aureum,Ribes aureum var. aureum
Ribes aureum var. villosum,Ribes aureum var. villosum DC.
Ribes bracteosum,Ribes bracteosum Douglas ex Hook.
Ribes cereum,Ribes cereum Douglas
Ribes cereum var. cereum,Ribes cereum var. cereum
Ribes cynosbati,Ribes cynosbati L.
Ribes divaricatum,Ribes divaricatum Douglas
Ribes divaricatum var. divaricatum,Ribes divaricatum var. divaricatum
Ribes hirtellum,Ribes hirtellum Michx.
Ribes hudsonianum,Ribes hudsonianum Richardson
Ribes hudsonianum var. hudsonianum,Ribes hudsonianum var. hudsonianum
Ribes hudsonianum var. petiolare,Ribes hudsonianum var. petiolare (Douglas) Jancz.
Ribes inerme,Ribes inerme Rydb.
Ribes inerme var. inerme,Ribes inerme var. inerme
Ribes lacustre,Ribes lacustre (Pers.) Poir.
Ribes laxiflorum,Ribes laxiflorum Pursh
Ribes lobbii,Ribes lobbii A.Gray
Ribes oxyacanthoides,Ribes oxyacanthoides L.
Ribes oxyacanthoides subsp. cognatum,Ribes oxyacanthoides subsp. cognatum (Greene) Q.P.Sinnott
Ribes oxyacanthoides subsp. irriguum,Ribes oxyacanthoides subsp. irriguum (Douglas) Q.P.Sinnott
Ribes oxyacanthoides var. oxyacanthoides,Ribes oxyacanthoides subsp. oxyacanthoides
Ribes oxyacanthoides var. setosum,Ribes oxyacanthoides var. setosum (Lindl.) Dorn
Ribes sanguineum,Ribes sanguineum Pursh
Ribes sanguineum var. sanguineum,Ribes sanguineum var. sanguineum
Ribes triste,Ribes triste Pall.
Ribes uva-crispa,Ribes uva-crispa L.
Ribes viscosissimum,Ribes viscosissimum Pursh
Rorippa aquatica,Rorippa aquatica (Eaton) E.J.Palmer & Steyerm.
Rosa acicularis,Rosa acicularis Lindl.
Rosa acicularis subsp. sayi,Rosa acicularis subsp. sayi (Schwein.) W.H.Lewis
Rosa arkansana,Rosa arkansana Port. & Coult.
Rosa arkansana var. arkansana,Rosa arkansana var. arkansana
Rosa blanda,Rosa blanda Aiton
Rosa carolina,Rosa carolina L.
Rosa gymnocarpa,Rosa gymnocarpa Nutt. ex Torr. & A.Gray
Rosa gymnocarpa var. gymnocarpa,Rosa gymnocarpa var. gymnocarpa
Rosa nitida,Rosa nitida Willd.
Rosa nutkana,Rosa nutkana C.Presl
Rosa nutkana subsp. macdougalii,Rosa nutkana subsp. macdougalii (Holz.) Piper
Rosa nutkana subsp. nutkana,Rosa nutkana subsp. nutkana
Rosa palustris,Rosa palustris Marshall
Rosa pisocarpa,Rosa pisocarpa A.Gray
Rosa setigera,Rosa setigera Michx.
Rosa virginiana,Rosa virginiana Herrm.
Rosa virginiana subsp. virginiana,Rosa virginiana subsp. virginiana
Rosa woodsii,Rosa woodsii Lindl.
Rosa woodsii subsp. ultramontana,Rosa woodsii subsp. ultramontana (S.Watson) Taylor & Mac Bryde
Rosa woodsii subsp. woodsii,Rosa woodsii subsp. woodsii
Rubus paracaulis,Rubus paracaulis L.H. Bailey
Rubus recurvicaulis,Rubus recurvicaulis Blanchard
Rubus setosus,Rubus setosus Bigelow
Rubus allegheniensis,Rubus allegheniensis Porter
Rubus arcticus,Rubus arcticus L.
Rubus arcticus subsp. acaulis,Rubus arcticus subsp. acaulis (Michx.) Focke
Rubus arcticus subsp. arcticus,Rubus arcticus subsp. arcticus
Rubus arcticus subsp. stellatus,Rubus arcticus subsp. stellatus (Sm.) Boivin
Rubus canadensis,Rubus canadensis L.
Rubus chamaemorus,Rubus chamaemorus L.
Rubus flagellaris,Rubus flagellaris Willd.
Rubus idaeus,Rubus idaeus L.
Rubus idaeus subsp. idaeus,Rubus idaeus subsp. idaeus
Rubus idaeus subsp. strigosus,Rubus idaeus subsp. strigosus (Michx.) Focke
Rubus lasiococcus,Rubus lasiococcus A.Gray
Rubus leucodermis,Rubus leucodermis Douglas ex Hook.
Rubus nivalis,Rubus nivalis Douglas ex Hook.
Rubus nutkanus,Rubus nutkanus Moc. ex Ser.
Rubus occidentalis,Rubus occidentalis L.
Rubus odoratus,Rubus odoratus L.
Rubus pedatus,Rubus pedatus Sm.
Rubus pensilvanicus,Rubus pensilvanicus Poir.
Rubus spectabilis,Rubus spectabilis Pursh
Rubus ursinus,Rubus ursinus Cham. & Schltdl.
Rumex occidentalis,Rumex occidentalis (Michx.) S.Watson
Sagittaria latifolia,Sagittaria latifolia Willd.
Salix arctica,Salix arctica Pall.
Salix arctophila,Salix arctophila Cockerell ex A.Heller
Salix barclayi,Salix barclayi Andersson
Salix discolor,Salix discolor Muhl.
Salix exigua,Salix exigua Nutt.
Salix lucida,Salix lucida Muhl.
Salix nigra,Salix nigra Marshall
Salix pellita,Salix pellita Andersson
Salix planifolia,Salix planifolia Pursh
Salix pulchra,Salix pulchra Cham.
Salix reticulata,Salix reticulata L.
Salix richardsonii,Salix richardsonii Hook.
Salix scouleriana,Salix scouleriana Barratt
Salix sitchensis,Salix sitchensis Sanson ex Bong.
Sambucus canadensis,Sambucus canadensis L.
Sambucus cerulea,Sambucus cerulea Raf.
Sambucus racemosa,Sambucus racemosa L.
Sanicula marilandica,Sanicula marilandica L.
Schizachyrium scoparium,Schizachyrium scoparium (Michx.) Nash
Schizachyrium scoparium subsp. scoparium,Schizachyrium scoparium subsp. scoparium
Schoenoplectus acutus,Schoenoplectus acutus (Muhl. ex Bigelow) Á.Löve & D.Löve
Schoenoplectus acutus var. acutus,Schoenoplectus acutus var. acutus
Schoenoplectus acutus var. occidentalis,Schoenoplectus acutus var. occidentalis (S.Watson) S.G.Sm.
Sedum divergens,Sedum divergens S.Watson
Sedum oreganum,Sedum oreganum Nutt. ex Torr. & A.Gray
Sedum oreganum subsp. oreganum,Sedum oreganum subsp. oreganum
Sedum oreganum subsp. tenue,Sedum oreganum subsp. tenue R.T.Clausen
Sedum spathulifolium,Sedum spathulifolium Hook.
Sedum spathulifolium var. pruinosum,Sedum spathulifolium var. pruinosum (Britton) B.Boivin
Shepherdia argentea,Shepherdia argentea (Pursh) Nutt.
Shepherdia canadensis,Shepherdia canadensis (L.) Nutt.
Silphium integrifolium,Silphium integrifolium Michx.
Silphium integrifolium var. laeve,Silphium integrifolium var. laeve Torr. & A.Gray
Silphium perfoliatum,Silphium perfoliatum L.
Silphium perfoliatum var. perfoliatum,Silphium perfoliatum var. perfoliatum
Sium suave,Sium suave Walter
Sorbus americana,Sorbus americana Marsh
Sorbus decora,Sorbus decora (Sarg.) C.K.Schneid.
Sorbus scopulina,Sorbus scopulina Greene
Sorbus sitchensis,Sorbus sitchensis M.Roem.
Sorbus sitchensis var. grayi,Sorbus sitchensis var. grayi (Wenz.) C.L.Hitchc.
Sorbus sitchensis var. sitchensis,Sorbus sitchensis var. sitchensis
Spiraea douglasii,Spiraea douglasii Hook.
Spiraea douglasii var. douglasii,Spiraea douglasii f. douglasii
Spiraea douglasii var. menziesii,Spiraea douglasii var. menziesii (Hook.) C.Presl
Symphoricarpos albus,Symphoricarpos albus (L.) C.Koch
Symphoricarpos albus var. albus,Symphoricarpos albus var. albus
Symphoricarpos albus var. laevigatus,Symphoricarpos albus var. laevigatus (Fernald) S.F.Blake
Taxus brevifolia,Taxus brevifolia Nutt.
Taxus canadensis,Taxus canadensis Marshall
Thuja occidentalis,Thuja occidentalis L.
Thuja plicata,Thuja plicata Donn ex D.Don
Tilia americana,Tilia americana L.
Tradescantia occidentalis,Tradescantia occidentalis (Britton) Smyth
Tradescantia occidentalis var. occidentalis,Tradescantia occidentalis var. occidentalis
Tradescantia ohiensis,Tradescantia ohiensis Raf.
Tradescantia virginiana,Tradescantia virginiana L.
Trifolium cyathiferum,Trifolium cyathiferum Lindl.
Trifolium depauperatum,Trifolium depauperatum Desv.
Trifolium depauperatum var. depauperatum,Trifolium depauperatum Desv. var. depauperatum
Trifolium dichotomum,Trifolium dichotomum Hook. & Arn.
Trifolium microcephalum,Trifolium microcephalum Pursh
Trifolium microdon,Trifolium microdon Hook. & Arn.
Trifolium oliganthum,Trifolium oliganthum Steud.
Trifolium variegatum,Trifolium variegatum Nutt.
Trifolium willdenovii,Trifolium willdenovii Spreng.
Trifolium wormskioldii,Trifolium wormskioldii Lehm.
Triglochin maritima,Triglochin maritima L.
Tsuga canadensis,Tsuga canadensis (L.) Carrière
Tsuga heterophylla,Tsuga heterophylla (Raf.) Sarg.
Tsuga mertensiana,Tsuga mertensiana (Bong.) Carrière
Typha latifolia,Typha latifolia L.
Ulmus americana,Ulmus americana L.
Ulmus rubra,Ulmus rubra Muhl.
Ulmus thomasii,Ulmus thomasii Sarg.
Urtica dioica,Urtica dioica L.
Urtica dioica subsp. dioica,Urtica dioica L. subsp. dioica
Vaccinium nubigenum,Vaccinium nubigenum Fernald
Vaccinium angustifolium,Vaccinium angustifolium Aiton
Vaccinium boreale,Vaccinium boreale I.V.Hall & Aalders
Vaccinium cespitosum,Vaccinium cespitosum Michx.
Vaccinium corymbosum,Vaccinium corymbosum L.
Vaccinium deliciosum,Vaccinium deliciosum Piper
Vaccinium macrocarpon,Vaccinium macrocarpum Aiton
Vaccinium membranaceum,Vaccinium membranaceum Douglas ex Hook.
Vaccinium microcarpum,Vaccinium microcarpum (Turcz. ex Rupr.) Schmalh. ex Busch
Vaccinium myrtilloides,Vaccinium myrtilloides Michx.
Vaccinium myrtillus,Vaccinium myrtillus L.
Vaccinium ovalifolium,Vaccinium ovalifolium Sm.
Vaccinium ovatum,Vaccinium ovatum Pursh
Vaccinium oxycoccos,Vaccinium oxycoccos L.
Vaccinium pallidum,Vaccinium pallidum Aiton
Vaccinium parvifolium,Vaccinium parvifolium Sm.
Vaccinium scoparium,Vaccinium scoparium Leiberg
Vaccinium stamineum,Vaccinium stamineum L.
Vaccinium uliginosum,Vaccinium uliginosum L.
Vaccinium vitis-idaea,Vaccinium vitis-idaea L.
Viburnum acerifolium,Viburnum acerifolium L.
Viburnum cassinoides,Viburnum cassinoides L.
Viburnum dentatum,Viburnum dentatum L.
Viburnum edule,Viburnum edule (Michx.) Raf.
Viburnum lantana,Viburnum lantana L.
Viburnum lantanoides,Viburnum lantanoides Michx.
Viburnum lentago,Viburnum lentago L.
Viburnum opulus,Viburnum opulus L.
Viburnum opulus var. americanum,Viburnum opulus var. americanum (Mill.) Aiton
Viburnum opulus var. opulus,Viburnum opulus var. opulus
Viburnum rafinesqueanum,Viburnum rafinesqueanum Schult.
Vicia americana,Vicia americana Muhl. ex Willd.
Vicia americana subsp. minor,Vicia americana subsp. minor (Hook.) C.R.Gunn
Vicia americana var. americana,Vicia americana var. americana
Vicia caroliniana,Vicia caroliniana Walter
Vicia nigricans,Vicia nigricans Hook. & Arn.
Vicia nigricans var. gigantea,Vicia nigricans var. gigantea (Hook.) Broich
Vitis aestivalis,Vitis aestivalis Michx.
Vitis riparia,Vitis riparia Michx.
Yucca glauca,Yucca glauca Nutt.
Zizania aquatica,Zizania aquatica L.
Zizania aquatica var. aquatica,Zizania aquatica L. var. aquatica
Zizania aquatica var. brevis,"Zizania aquatica var. brevis (Fassett) S.L.Chen, 1990"
Zizania palustris,Zizania palustris L.
Zizania palustris var. interior,Zizania palustris var. interior (Fassett) Dore
Zizania palustris var. palustris,Zizania palustris L. var. palustris
